登記證核准日期,登記證核准編號,營業現狀,中文名稱,英文名稱,電話,傳真,網址,E-mail,登記地址,英文地址
2000/10/6,1,合法/營業,美洲山莊,Mei Zhou Hotel,039886017 9886716,,,,262宜蘭縣礁溪鄉德陽村仁愛路22號1-3樓,"1F.-3, No.22, Ren’ai Rd., Jiaoxi Township, Yilan County 262, Taiwan (R.O.C.)"
2003/9/23,2,合法/營業,泉湯溫泉商務旅館,TANG CYUAN HOT SPRING HOTEL,39886123,39886000,,,262宜蘭縣礁溪鄉大忠村大忠路80號,"No.80, Dazhong Rd., Jiaoxi Township, Yilan County 262, Taiwan (R.O.C.)"
2004/7/22,4,合法/營業,龍山旅社,Long Shan Hotel,039888699 0910299901,39889698,,travelking@travelking.com.tw,262宜蘭縣礁溪鄉仁愛路36號,"No.36, Ren’ai Rd., Jiaoxi Township, Yilan County 262, Taiwan (R.O.C.)"
2004/7/29,5,合法/營業,紘冠飯店,CROWN HOTEL,"039873388,99",39873377,,crown@crown-hotel.com.tw,262宜蘭縣礁溪鄉德陽路140號,"No.140, Deyang Rd., Jiaoxi Township, Yilan County 262, Taiwan (R.O.C.)"
2004/7/27,7,合法/營業,山水旅館,sunsweet,39568755,39566662,,usyd25@yahoo.com.tw,265宜蘭縣羅東鎮和平路75號,"No.75, Heping Rd., Luodong Township, Yilan County 265, Taiwan (R.O.C.)"
2004/7/27,9,合法/營業,和斯頓旅社,HOST-ON EXQUISITE ARTICLE HOTEL,39888178,39888978,http://www.host-on.com.tw/,info@host-on.com.tw,262宜蘭縣礁溪鄉礁溪路五段99號1-5樓,"1-5F., No.99, Sec. 5, Jiaoxi Rd., Jiaoxi Township, Yilan County 262, Taiwan (R.O.C.)"
2004/8/5,10,合法/營業,華閣溫泉飯店,Hot Spring Hotel,39882016,39882018,,,262宜蘭縣礁溪鄉公園路25號,"No.25, Gongyuan Rd., Jiaoxi Township, Yilan County 262, Taiwan (R.O.C.)"
2004/8/5,12,合法/營業,東方商務大飯店,EAST COMMERCIAL AFFAIRS HOTEL,39568858,39568968,,east@east-hotel.com.tw,265宜蘭縣羅東鎮和平路109號,"No.109, Heping Rd., Luodong Township, Yilan County 265, Taiwan (R.O.C.)"
2004/8/5,13,合法/營業,天隆大飯店,Tian Long hotel,39882126,39885959,,service@tl-hotel.com.tw,26241宜蘭縣礁溪鄉礁溪路五段121號,"No.121, Sec. 5, Jiaoxi Rd., Jiaoxi Township, Yilan County 262, Taiwan (R.O.C.)"
2004/8/5,14,合法/營業,天成旅社,Tian Cheng Hotel,39322619,,,,260宜蘭縣宜蘭市康樂路9號,"No.9, Kangle Rd., Yilan City, Yilan County 260, Taiwan (R.O.C.)"
2004/8/5,15,合法/營業,川湯御溫泉會館,You Chen Hotel,39880788,39887430,,chuang.tanghal@msa.hinet.net,262宜蘭縣礁溪鄉德陽路35號及39號,"No.35, Deyang Rd., Jiaoxi Township, Yilan County 262, Taiwan (R.O.C.)"
2004/8/5,16,合法/營業,福郡大飯店,Fuchun Hotel,39367799,39362455,http://www.fhotel.com.tw,,"260宜蘭縣宜蘭市神農路二段55號1,3-7樓","1,3-7F., No.55, Sec. 2, Shennong Rd., Yilan City, Yilan County 260, Taiwan (R.O.C.)"
2004/8/5,17,合法/營業,久屋麗緻客棧,Landis Inn Lotung,39613799,39613800,,landislo@ms45.hinet.net,265宜蘭縣羅東鎮公正路511號14-19樓,"14-19F., No.511, Gongzheng Rd., Luodong Township, Yilan County 265, Taiwan (R.O.C.)"
2004/8/5,18,合法/營業,夏威夷汽車旅館,Hawaii Commerce Motel,39288333,39289222,,,260宜蘭縣宜蘭市宜興路三段101號,"No.101, Sec. 3, Yixing Rd., Yilan City, Yilan County 260, Taiwan (R.O.C.)"
2004/8/5,19,合法/營業,威尼斯汽車旅館,Wei Ni Xi Motel,39577000,39565000,,,265宜蘭縣羅東鎮站東路326號,"No.326, Zhandong Rd., Luodong Township, Yilan County 265, Taiwan (R.O.C.)"
2004/8/31,20,合法/營業,香賓旅社, Champagne HOTEL,39885816,39881764,,xtoshi@hotmail.com,262宜蘭縣礁溪鄉忠孝路8號,"No.8, Zhongxiao Rd., Jiaosi Township, Yilan County 262, Taiwan (R.O.C.)"
2004/8/31,21,合法/營業,香格里拉冬山河旅館,SHANGRILA BOUTIQUE HOTEL,39605388,39605366,,sang.riia@msa.hinet.net,268宜蘭縣五結鄉協和村協和中路13巷15號,"No.15, Gongyuan 2nd Rd., Wujie Township, Yilan County 268, Taiwan (R.O.C.)"
2004/8/31,22,合法/營業,日新旅社,Ri Xin Hotel,39545110,39542836,http://rixin.yibnb.net/,,265宜蘭縣羅東鎮中山西街17-1號,"No.17-1, Zhongshan W. St., Luodong Township, Yilan County 265, Taiwan (R.O.C.)"
2004/8/26,23,合法/營業,華欣旅館,Hua Xin Hotel,39882369,39882512,,,262宜蘭縣礁溪鄉礁溪路五段70號,"No.70, Sec. 5, Jiaoxi Rd., Jiaoxi Township, Yilan County 262, Taiwan (R.O.C.)"
2004/8/26,24,合法/營業,福星旅社,Fu Xing Hotel,39323652,,,,260宜蘭縣宜蘭市康樂路15號,"No.15, Kangle Rd., Yilan City, Yilan County 260, Taiwan (R.O.C.)"
2004/9/1,25,合法/營業,亞都旅館,Ya Dou Hotel,39885704,,,,262宜蘭縣礁溪鄉礁溪路五段15號,"No.15, Sec. 5, Jiaoxi Rd., Jiaoxi Township, Yilan County 262, Taiwan (R.O.C.)"
2004/9/1,26,合法/營業,東海峰旅館,Dong Hai Feng Hotel,39986336,3,,,270宜蘭縣蘇澳鎮蘇花路3段190號,"No.190, Sec. 3, Suhua Rd., Su’ao Township, Yilan County 270, Taiwan (R.O.C.)"
2004/9/6,27,合法/營業,愛娜山莊,ai Na Hotel,39886205,,,,262宜蘭縣礁溪鄉德陽路175號1-4樓,"1F.-4, No.175, Deyang Rd., Jiaoxi Township, Yilan County 262, Taiwan (R.O.C.)"
2004/8/17,29,合法/營業,晏林旅館,Yan Lin Hotel,39885172,,,,262宜蘭縣礁溪鄉德陽路131號1-3樓,"1F.-3, No.131, Deyang Rd., Jiaoxi Township, Yilan County 262, Taiwan (R.O.C.)"
2004/8/17,30,合法/營業,藍佳大飯店,DIAMOND HOTEL,39562186,,,,265宜蘭縣羅東鎮中山里19鄰興東路6號5-6樓,"5-6F., No.6, Xingdong Rd., Luodong Township, Yilan County 265, Taiwan (R.O.C.)"
2004/8/19,32,合法/營業,鴻月莊旅社,HUNG YUEH HOTEL,39883699,39882025,http://moon9883799@yahoo.com.tw,,262宜蘭縣礁溪鄉德陽村溫泉路12號1-4樓,"1-4F., No.12, Wenquan Rd., Jiaoxi Township, Yilan County 262, Taiwan (R.O.C.)"
2004/8/19,33,合法/營業,夢芝鄉旅社,Meng Zhi Xiang Hotel,39873845,,,,262宜蘭縣礁溪鄉德陽路96號1-5樓,"1F.-5, No.96, Deyang Rd., Jiaoxi Township, Yilan County 262, Taiwan (R.O.C.)"
2004/9/6,34,合法/營業,興華旅社,Xing Hua Hotel,39962581,,,,270宜蘭縣蘇澳鎮蘇南里蘇南路13號,"No.13, Sunan Rd., Su’ao Township, Yilan County 270, Taiwan (R.O.C.)"
2004/9/6,35,合法/營業,阿先湯泉養生會館,A SAN HOT-SPRING HOTEL,39887299,39872858,http://www.vipspa.com.tw/,gotovipvip@yahoo.com.tw,262宜蘭縣礁溪鄉德陽村忠孝路103巷22弄1號1-4樓,"No.1, Alley 22, Lane 103, Zhongxiao Rd., Jiaoxi Shiang, Yilan County 262, Taiwan (R.O.C.)"
2004/9/7,37,合法/營業,櫻花別墅旅館,Ying Hua Hotel,39229677,39650447,,,264宜蘭縣員山鄉員山村金泰路348巷36、38號,"No.36, Ln. 348, Jintai Rd., Yuanshan Township, Yilan County 264, Taiwan (R.O.C.)"
2004/9/8,40,合法/停業,龍泉溫泉客棧,Long Quan hot spring Hotel,39882268,39873030,http://www.dragon-inn.com.tw/,,262宜蘭縣礁溪鄉玉石村礁溪路六段10號,"No.10, Sec. 6, Jiaoxi Rd., Jiaoxi Township, Yilan County 262, Taiwan (R.O.C.)"
2004/9/8,42,合法/營業,賓成精品商旅,Bin Cheng Hotel,39333661,39328187,,,260宜蘭縣宜蘭市西後街26-1號,"No.26-1, Xihou St., Yilan City, Yilan County 260, Taiwan (R.O.C.)"
2004/9/8,43,合法/營業,家園溫泉旅社,Homeland Hot Spring Hotel,39882171,,,home.land@msa.hinet.net,262宜蘭縣礁溪鄉溫泉路10號,"No.10, Wenquan Rd., Jiaoxi Township, Yilan County 262, Taiwan (R.O.C.)"
2004/9/23,45,合法/營業,亞洲旅社,Ya Zhou Hotel,039964085 0985090494,3,,,270宜蘭縣蘇澳鎮蘇南里3鄰蘇南路18號,"No.18, Sunan Rd., Su’ao Township, Yilan County 270, Taiwan (R.O.C.)"
2004/9/23,46,合法/營業,和風時尚會館,Hefong Faddism Hotel,39777711,39776688,http://www.hefong-villa.com.tw/,,261宜蘭縣頭城鎮宜三路一段56號,"No.56, Sec. 1, Yi 3rd Rd., Toucheng Township, Yilan County 261, Taiwan (R.O.C.)"
2004/9/23,47,合法/營業,伯斯飯店,GRAND BOSS HOTEL,39312999,39312899,,boss@boss-hotel.com.tw,260宜蘭縣宜蘭市宜興路一段366號2-6樓,"No.366, Sec. 1, Yixing Rd., Yilan City, Yilan County 260, Taiwan (R.O.C.)"
2004/9/23,48,合法/營業,東寶複合式旅館,Orinet-Jewel Youth Hostel,39544186,39544187,http://oj.hotel.my9s.com,oj.hotel@gamil.com,265宜蘭縣羅東鎮青潭路154號,"No.154, Cingtan Rd., Luodong Township, Yilan County 265, Taiwan (R.O.C.)"
2004/9/23,49,合法/營業,新悅汽車旅館,HSIN YUE MOTEL,39952345,39960877,,,270宜蘭縣蘇澳鎮蘇東里蘇東北路2-15號,"No.2-15, Sudong N. Rd., Su’ao Township, Yilan County 270, Taiwan (R.O.C.)"
2004/9/23,50,合法/營業,友愛大飯店,YOAI Hotel,39363456,39369222,http://www.yoai-hotel.com.tw,hotel@yoai.com.tw,260宜蘭縣宜蘭市舊城東路50號11-16樓,"11-16F., No.50, Jioucheng East Rd., Yilan City, Yilan County 260, Taiwan (R.O.C.)"
2004/9/23,51,合法/營業,帝王大飯店,TI WANG HOTEL,39883769,39885516,,,262宜蘭縣礁溪鄉礁溪路五段156號,"No.156, Sec. 5, Jiaoxi Rd., Jiaoxi Township, Yilan County 262, Taiwan (R.O.C.)"
2004/9/23,52,合法/營業,龍城大旅社,LONG CHERNG HOTET,39545100,39545101,http://www.longchernh.url.tw,,265宜蘭縣羅東鎮公園路96號,"No.96, Gongyuan Rd., Luodong Township, Yilan County 265, Taiwan (R.O.C.)"
2004/9/23,53,合法/營業,鄉都溫泉旅館,Xiang Dou Hotel,39886018,,,,262宜蘭縣礁溪鄉德陽村13鄰礁溪路5段27號,"No.27, Sec. 5, Jiaoxi Rd., Jiaoxi Township, Yilan County 262, Taiwan (R.O.C.)"
2004/10/4,55,合法/營業,金龍溫泉客棧,KING-LO HOTEL,39882133,39887501,http://www.klhotel.com.tw,klhotel.cail@msa.hinet.net,262宜蘭縣礁溪鄉德陽村2鄰中山路二段185號,"No.185, Sec. 2, Zhongshan Rd., Jiaoxi Township, Yilan County 262, Taiwan (R.O.C.)"
2004/10/4,56,合法/營業,華賓旅社,Hua Bin Hotel,39322962,,,,260宜蘭縣宜蘭市和睦路59號1-2樓,"1F.-2, No.59, Hemu Rd., Yilan City, Yilan County 260, Taiwan (R.O.C.)"
2004/10/4,58,合法/營業,雪峰蝶戀溫泉會館,Chang Lai Hotel,39887667,,,,262宜蘭縣礁溪鄉德陽村德陽路132號1-3樓,"1F.-3, No.132, Deyang Rd., Jiaoxi Township, Yilan County 262, Taiwan (R.O.C.)"
2004/10/24,59,合法/營業,金羅東大飯店,KING LO TUNG HOTEL,039563131-4,39563135,,king_lo_tong@yahoo.com.tw,265宜蘭縣羅東鎮興東路8-1號7-9樓,"7-9F., No.8-1, Xingdong Rd., Luodong Township, Yilan County 265, Taiwan (R.O.C.)"
2004/10/4,60,合法/營業,同榮大旅社,Tuengrueng Hotel,39577979,39567700,,glory_hotel@yahoo.com.tw,265宜蘭縣羅東鎮中正北路32號7-10樓,"7-10F., No.32, Zhongzheng N. Rd., Luodong Township, Yilan County 265, Taiwan (R.O.C.)"
2004/10/19,62,合法/營業,星輝溫泉旅館,XingHui hotel,39874922,39874515,,,262宜蘭縣礁溪鄉德陽村德陽路199號1-3樓,"1-3F., No.199, Deyang Rd., Jiaoxi Township, Yilan County 262, Taiwan (R.O.C.)"
2004/10/19,63,合法/營業,美嘉美大飯店,MEI JIA MEI HOTEL,39882937,39887328,http://www.meihotel.com,t9882937@ms47.hinet.net,262宜蘭縣礁溪鄉德陽路150號,"No.150, Deyang Rd., Jiaoxi Township, Yilan County 262, Taiwan (R.O.C.)"
2004/10/19,64,合法/營業,可青大飯店,KING HOTEL,"393,249,669,358,037",39331107,,king@kings-hotel.com.tw,"260宜蘭縣宜蘭市舊城北路30-1,3,5號","No.30-1, Jiucheng N. Rd., Yilan City, Yilan County 260, Taiwan (R.O.C.)"
2004/10/19,65,合法/營業,金格溫泉旅館,Jin Ge hot spring Hotel,39874328,,,,262宜蘭縣礁溪鄉礁溪路五段148號1-3樓,"1F.-3, No.148, Sec. 5, Jiaoxi Rd., Jiaoxi Township, Yilan County 262, Taiwan (R.O.C.)"
2004/12/1,67,合法/營業,中冠礁溪大飯店,Zhong Guan Jiao Xi Hotel,39882011,39883838,http://www.art-spa-hotel.com.tw,service@art-spa-hotel.com.tw,262宜蘭縣礁溪鄉德陽村德陽路6號1-6樓,"No.6, Deyang Rd., Jiaoxi Township, Yilan County 262, Taiwan (R.O.C.)"
2004/10/19,68,合法/營業,山多利大飯店,SHANDORI HOTEL,39888288,39889411,http://www.shandori.com.tw,shan.dori@msa.hinet.net,262宜蘭縣礁溪鄉興農路291巷1號,"No.1, Ln. 291, Xingnong Rd., Jiaoxi Township, Yilan County 262, Taiwan (R.O.C.)"
2004/10/19,70,合法/營業,明池山莊 (馬告生態公園),MINGCHIH RESORT,39894104,39801723,http://www.lealeahotel.com/makauy/,service_mingchih@lealeahotel.com,267宜蘭縣大同鄉英士村明池山莊1號,"No.1, Mingchin Mountain village, Datong Township, Yilan County 267, Taiwan (R.O.C.)"
2004/10/19,71,合法/營業,太平山莊,TAIPING SHAN HOTEL,39548757,39951179,,,267宜蘭縣大同鄉太平村太平巷58-1號,"No.58-1, Taiping Ln., Taiping Tsuen, Datong Township, Yilan County 267, Taiwan (R.O.C.)"
2004/10/29,72,合法/營業,自家園旅社,Zi Jia Yuan Hotel,39962367,39952467,,,270宜蘭縣蘇澳鎮林森路6號,"No.6, Linsen Rd., Su’ao Township, Yilan County 270, Taiwan (R.O.C.)"
2004/10/29,73,合法/營業,金華大旅社,GOLDEN CHINA HOTEL,39962526,,,,270宜蘭縣蘇澳鎮冷泉路1號,"No.1, Lengquan Rd., Su’ao Township, Yilan County 270, Taiwan (R.O.C.)"
2004/11/5,74,合法/營業,明光旅館,Ming Guang Hotel,39886834,,,,262宜蘭縣礁溪鄉德陽路70號1-4樓,"1F.-4, No.70, Deyang Rd., Jiaoxi Township, Yilan County 262, Taiwan (R.O.C.)"
2004/11/9,75,合法/營業,綠園旅社,Lu Yuan Hotel,39875786,,,,262宜蘭縣礁溪鄉德陽路72號1-4樓,"1F.-4, No.72, Deyang Rd., Jiaoxi Township, Yilan County 262, Taiwan (R.O.C.)"
2004/10/29,76,合法/營業,意大利旅館,Yi Da Li Hotel,39885998,,,,262宜蘭縣礁溪鄉德陽路258號,"No.258, Deyang Rd., Jiaoxi Township, Yilan County 262, Taiwan (R.O.C.)"
2004/10/29,78,合法/營業,戀戀溫泉旅館,LIAN LIAN HOT SPRING HOTEL,39882882,39873722,,Service@Qk.to,262宜蘭縣礁溪鄉仁愛路9號1-2樓,"1-2F., No.9, Ren’ai Rd., Jiaoxi Township, Yilan County 262, Taiwan (R.O.C.)"
2004/10/29,79,合法/營業,大方旅館,Da Fang Hotel,39889152,,,,"262宜蘭縣礁溪鄉德陽路223,225,227號","No.223.225.227, Deyang Rd., Jiaoxi Township, Yilan County 262, Taiwan (R.O.C.)"
2004/10/29,80,合法/營業,福岡溫泉汽車旅館 (溫泉世家),Fu Gang Hot Spring Motel,39870606,39883956,http://www.fukun.com.tw,fukuncc@gmail.com,262宜蘭縣礁溪鄉德陽村仁愛路132號1-5樓,"1F.-5, No.132, Ren’ai Rd., Jiaoxi Township, Yilan County 262, Taiwan (R.O.C.)"
2004/10/29,81,合法/營業,福岡溫泉渡假飯店,FU GANG HOT SPRING HOTEL,39887999,39872046,http://www.fukun.com.tw,fukuncc@gmail.com,262宜蘭縣礁溪鄉德陽村德陽路62巷6號1-6樓,"1-6F., No.6, Lane 62, Deyang Rd., Jiaoxi Township, Yilan County 262, Taiwan (R.O.C.)"
2004/10/29,82,合法/營業,媚登峰旅社,MEI DENG FONG HOTEL,39874591,39882999,,,262宜蘭縣礁溪鄉公園路3號,"No.3, Gongyuan Rd., Jiaoxi Township, Yilan County 262, Taiwan (R.O.C.)"
2004/10/29,83,合法/營業,帥王溫泉大飯店,Baron''s Hot-Spring Hotel,39874591,39874584,http://www.baronhotel.com.tw,hot-spring@baronhotel.com.tw,26241宜蘭縣礁溪鄉公園路1號,"No.1, Gongyuan Rd., Jiaoxi Township, Yilan County 26241, Taiwan"
2004/10/29,84,合法/營業,宜蘭礁溪溫泉商旅,Yilan Jiao Xi Hot Spring Hotel,39876222,39874333,http://yuantang.cru.com.tw ,ck@cru.com.tw,262宜蘭縣礁溪鄉德陽路198號,"No.198, Deyang Rd., Jiaoxi Township, Yilan County 262, Taiwan (R.O.C.)"
2004/10/29,85,合法/停業,王子大飯店,HOTEL PRINCE,39322358,39322731,,,260宜蘭縣宜蘭市和睦路27號,"No.27, Hemu Rd., Yilan City, Yilan County 260, Taiwan (R.O.C.)"
2004/11/5,86,合法/營業,嘉美旅社,HOTEL CHIA MEI,39563126,,,,265宜蘭縣羅東鎮公園路100號6-8樓,"6-8F., No.100, Gongyuan Rd., Luodong Township, Yilan County 265, Taiwan (R.O.C.)"
2004/11/5,87,合法/營業,長崎大飯店,CHANGCHI HOTEL,39887607,39887608,,,262宜蘭縣礁溪鄉德陽村德陽路243號1-6樓,"1-6F., No.243, Deyang Rd., Jiaoxi Township, Yilan County 262, Taiwan (R.O.C.)"
2004/11/9,88,合法/營業,噶瑪蘭大飯店,KAVALAN BEACH RESORT,39509000,39501388,,kvl@kvl.com.tw,268宜蘭縣五結鄉成興村五濱路一段136巷21號14樓之1,"No.21, Ln. 136, Sec. 1, Wubin Rd., Wujie Township, Yilan County 268, Taiwan (R.O.C.)"
2004/11/9,89,合法/營業,理想溫泉飯店,Li Xiang Hot Spring Hotel,39883610,,,,262宜蘭縣礁溪鄉德陽路160號1-3樓,"1F.-3, No.160, Deyang Rd., Jiaoxi Township, Yilan County 262, Taiwan (R.O.C.)"
2004/11/5,90,合法/營業,山口旅館,Shan Kou Hotel,39889273,39880515,,,262宜蘭縣礁溪鄉五峰路2號1-5樓,"1F.-5, No.2, Wufeng Rd., Jiaoxi Township, Yilan County 262, Taiwan (R.O.C.)"
2004/11/23,91,合法/營業,礁溪溫泉旅館,JIAU SHI HOT SPRING HOTEL,39881767,,,dong@ms1.hinet.net,262宜蘭縣礁溪鄉仁愛路8號,"No.8, Ren’ai Rd., Jiaoxi Township, Yilan County 262, Taiwan (R.O.C.)"
2004/11/23,92,合法/營業,頭城休閒旅館,TOU CHENG HOTEL,39772222,39778688,,tc.farm@msa.hinet.net,261宜蘭縣頭城鎮更新路125-2號,"No.125-2, Gengxin Rd., Toucheng Township, Yilan County 261, Taiwan (R.O.C.)"
2004/12/30,93,合法/營業,蘇澳大飯店,SU AO HOTEL,039965181-2,39968641,,,270宜蘭縣蘇澳鎮蘇東中路7號6-7樓,"6-7F., No.7, Sudong Central Rd., Su’ao Township, Yilan County 270, Taiwan (R.O.C.)"
2004/11/23,94,合法/營業,麒麟太子大飯店,PRINCE HOTEL,039882006-8,39886048,,,262宜蘭縣礁溪鄉礁溪路五段67號,"No.67, Sec. 5, Jiaoxi Rd., Jiaoxi Township, Yilan County 262, Taiwan (R.O.C.)"
2004/11/23,95,合法/營業,貴族大旅社,Gui Zu Hotel,39569519,39572723,,,265宜蘭縣羅東鎮中正路186-3號4樓,"4F., No.186-3, Zhongzheng Rd., Luodong Township, Yilan County 265, Taiwan (R.O.C.)"
2004/11/23,96,合法/營業,登園大飯店,DENG YUAN HOTEL,39565402,,,,265宜蘭縣羅東鎮安平路10號,"No.10, Anping Rd., Luodong Township, Yilan County 265, Taiwan (R.O.C.)"
2004/12/30,98,合法/營業,大成大飯店,Dar Chen Hotel,39322952,39362588,,day.chen@msa.hinet.net,"260宜蘭縣宜蘭市新民路31,33,35號1-5樓","No.33, Xinmin Rd., Yilan City, Yilan County 260, Taiwan (R.O.C.)"
2004/12/30,99,合法/停業,川湯溫泉養生館,Chuan Tang Wen Hot Spring Quan Hotel,39880606,39880488,,,262宜蘭縣礁溪鄉中山路二段218號1-3樓,"1F.-3, No.218, Sec. 2, Zhongshan Rd., Jiaoxi Township, Yilan County 262, Taiwan (R.O.C.)"
2004/12/30,100,合法/營業,一加一旅館,ONE AND ONE HOTEL,39353872,,http://oneandonehotel.blogspot.tw/,,260宜蘭縣宜蘭市舊城北路13-1號2-4樓,"No.13 -1, Jiucheng N. Rd., Yilan City, Yilan County 260, Taiwan (R.O.C.)"
2005/1/3,102,合法/營業,星鑽大飯店,Xiengzan Hotel,39362111,39362115,,sd.9362111@msa.hinet.net,260宜蘭縣宜蘭市崇聖街63-2號7-8樓,"7-8F., No.63-2, Chongsheng St., Yilan City, Yilan County 260, Taiwan (R.O.C.)"
2005/1/3,103,合法/營業,立崎大飯店,LE CH HOTEL,39563999,39561929,,,265宜蘭縣羅東鎮天津路42號,"No.42, Tianjin Rd., Luodong Township, Yilan County 265, Taiwan (R.O.C.)"
2005/1/3,104,合法/營業,金愛大飯店,JIN AI HOTEL,39576289,39564583,,,265宜蘭縣羅東鎮站前北路77號2-5樓,"No.77, Zhanqian N. Rd., Luodong Township, Yilan County 265, Taiwan (R.O.C.)"
2005/1/3,105,合法/營業,金城客棧,KING TOWN HOTEL,39542169,39563261,http://www.kthotel.com.tw,kth169@yahoo.com.tw,265宜蘭縣羅東鎮公正路60號,"No.60, Gongzheng Rd., Luodong Township, Yilan County 265, Taiwan (R.O.C.)"
2005/1/3,106,合法/營業,天裕大飯店,TIAN YUH HOTEL,39553631,39542581,http://www.tian-yuh.com,tian-yuh@hotmail.com,265宜蘭縣羅東鎮興東南路83號,"No.83, Xingdong S. Rd., Luodong Township, Yilan County 265, Taiwan (R.O.C.)"
2005/1/3,107,合法/營業,福岡商務汽車旅館,Fu Gang Motel,39288060,39288041,http://www.fukun.com.tw,fukuncc@gmail.com,260宜蘭縣宜蘭市筊白里中山路五段259號,"No.259, Sec. 5, Zhongshan Rd., Yilan City, Yilan County 260, Taiwan (R.O.C.)"
2005/1/3,108,合法/營業,阡碩大飯店,Qan Shuo Hotel,39355611,39355613,,chenso.hotel@msa.hinet.net,260宜蘭縣宜蘭市光復路30號5-7樓,"5F.-7, No.30, Guangfu Rd., Yilan City, Yilan County 260, Taiwan (R.O.C.)"
2005/1/3,109,合法/營業,五洲大旅社,WU JHON HOTEL,39330431,39330341,,,"260宜蘭縣宜蘭市光復路34,36號","No.34,36, Guangfu Rd., Yilan City, Yilan County 260, Taiwan (R.O.C.)"
2005/1/3,110,合法/營業,建國大旅社,Jian Guo Hotel,39563388,,,,265宜蘭縣羅東鎮中正路186-4號5樓,"5F., No.186-4, Zhongzheng Rd., Luodong Township, Yilan County 265, Taiwan (R.O.C.)"
2005/1/3,111,合法/營業,金帝旅社,HOTEL GOLDEN KING,39571466,,,,265宜蘭縣羅東鎮中正路186-6號7樓,"7F., No.186-6, Zhongzheng Rd., Luodong Township, Yilan County 265, Taiwan (R.O.C.)"
2005/1/3,112,合法/營業,國城旅社,GUO CHENG HOTEL,039544290-1(可Skype),39566021,http://www.ctnet.com.tw/country/about.htm,,"265宜蘭縣羅東鎮忠孝路51號2-5樓,53號1-5樓(離夜市只要3分鐘)","No.53, Zhongxiao Rd., Luodong Township, Yilan County 265, Taiwan (R.O.C.)"
2005/1/3,113,合法/營業,東洲大旅社,Dong Zhou Hotel,39547085,39574096,,,265宜蘭縣羅東鎮中正路199號,"No.199, Zhongzheng Rd., Luodong Township, Yilan County 265, Taiwan (R.O.C.)"
2005/1/12,114,合法/營業,三光旅社,SAN GUANG HOTEL,39882128,39882129,http://www.sanguang.com.tw,,262宜蘭縣礁溪鄉德陽村礁溪路五段85號,"No.85, Sec. 5, Jiaoxi Rd., Jiaoxi Township, Yilan County 262, Taiwan (R.O.C.)"
2005/1/12,115,合法/營業,金和成旅社,GOLDEN HCG HOTEL,39354388,39354988,,,260宜蘭縣宜蘭市康樂路30號2-5樓,"No.30, Kangle Rd., Yilan City, Yilan County 260, Taiwan (R.O.C.)"
2005/1/12,116,合法/營業,庭園汽車旅館,Ting Yuan Motel,39870591,,,,262宜蘭縣礁溪鄉白雲村份尾一路2號,"No.2, Fenwei 1st Rd., Jiaoxi Township, Yilan County 262, Taiwan (R.O.C.)"
2005/1/12,117,合法/營業,日新大飯店,RIH SIN HOTEL,39962531,39953086,,,270宜蘭縣蘇澳鎮江夏路53號,"No.53, Jiangxia Rd., Su-ao Township, Yilan County 270, Taiwan (R.O.C.)"
2005/1/12,119,合法/營業,麗堡大飯店,Li Bao Hotel,39874888,39874999,,hotel@lechamps.com.tw,262宜蘭縣礁溪鄉玉石村礁溪路六段6號3-6樓,"3F.-6, No.6, Sec. 6, Jiaoxi Rd., Jiaoxi Township, Yilan County 262, Taiwan (R.O.C.)"
2005/1/12,120,合法/營業,麗翔溫泉客棧,Hotel Les Champs (Jiaosi),39874888,39874999,,hotel@leschamps.com.tw,"262宜蘭縣礁溪鄉玉石村礁溪路六段6號1-2,7-9樓","No.6, Section 6, Jiaosi Road, Jiaosi Township, Yilan County 262, Taiwan."
2005/1/13,121,合法/營業,利美溫泉旅館,Li Mei Hotel,39888391,39880314,,,262宜蘭縣礁溪鄉德陽路110號1-4樓,"1F.-4, No.110, Deyang Rd., Jiaoxi Township, Yilan County 262, Taiwan (R.O.C.)"
2005/1/13,122,合法/營業,亞仕登旅社,Ya Shi Deng Hotel,39870458,,,,262宜蘭縣礁溪鄉忠孝路7號,"No.7, Zhongxiao Rd., Jiaoxi Township, Yilan County 262, Taiwan (R.O.C.)"
2005/1/13,123,合法/營業,名人旅館,Ming Ren Hotel,39882890,,,,262宜蘭縣礁溪鄉德陽路136號,"No.136, Deyang Rd., Jiaoxi Township, Yilan County 262, Taiwan (R.O.C.)"
2005/1/14,124,合法/營業,宜泰大飯店,KAVALAN HOTEL,39568488,39568388,http://www.kavalan.com.tw/,service@kavalan.com.tw,265宜蘭縣羅東鎮公正路155號6-13樓,"6-13F., No.155, Gongzheng Rd., Luodong Township, Yilan County 265, Taiwan (R.O.C.)"
2005/1/14,125,合法/營業,新堡汽車旅館,newcastle motel ,39567799,39575588,http://fbmotel.365.com.tw/,,265宜蘭縣羅東鎮竹林里復興路二段238巷19號,"No.19, Ln. 238, Sec. 2, Fuxing Rd., Luodong Township, Yilan County 265, Taiwan (R.O.C.)"
2005/1/14,126,合法/營業,每日溫泉旅店,Daily Hot Springs Inn,39888376,39888378,,abc9888376@yahoo.com.tw,262宜蘭縣礁溪鄉德陽村7鄰德陽路65號,"No.65, Deyang Rd., Jiaoxi Township, Yilan County 262, Taiwan (R.O.C.)"
2005/1/14,127,合法/營業,紅葉旅館,Hong Ye Hotel,39885618,,,,262宜蘭縣礁溪鄉德陽路193號,"No.193, Deyang Rd., Jiaoxi Township, Yilan County 262, Taiwan (R.O.C.)"
2005/3/7,128,合法/營業,頤和商務旅館,Yihe Business Hotel,39882042,,,,262宜蘭縣礁溪鄉德陽路47號,"No.47, Deyang Rd., Jiaoxi Township, Yilan County 262, Taiwan (R.O.C.)"
2005/1/20,129,合法/營業,皇泰大飯店,HUANY TAI HOTEL,39882009,,,gt@cru.com.tw,262宜蘭縣礁溪鄉仁愛路100號1-6樓,"1-6F., No.100, Ren’ai Rd., Jiaoxi Township, Yilan County 262, Taiwan (R.O.C.)"
2005/1/20,130,合法/營業,高仕旅館,GAO SHIH HOTEL,39881991,3,,,262宜蘭縣礁溪鄉德陽路154號1-5樓,"1-5F., No.154, Deyang Rd., Jiaoxi Township, Yilan County 262, Taiwan (R.O.C.)"
2005/1/20,131,合法/營業,東京大飯店,Dong Jing Hotel,39887921,39887441,,18654301@anet.net.tw,262宜蘭縣礁溪鄉德陽路257號1-5樓,"1F.-5, No.257, Deyang Rd., Jiaoxi Township, Yilan County 262, Taiwan (R.O.C.)"
2005/2/4,134,合法/營業,凱城山莊,Kai Cheng Hotel,39870210,39888974,http://kaicheng.okgo.tw/index.html,j10000001@msn.com,262宜蘭縣礁溪鄉大忠村大忠路144號1-4樓,"1F.-4, No.144, Dazhong Rd., Jiaoxi Township, Yilan County 262, Taiwan (R.O.C.)"
2005/6/21,136,合法/營業,山水妍?泉會館,BEAUTY GARDEN HOTEL,39888901,39880929,http://www.mabjhotel.com.tw/main.php,,262宜蘭縣礁溪鄉德陽村仁愛路50號,"No.50, Ren’ai Rd., Jiaoxi Township, Yilan County 262, Taiwan (R.O.C.)"
2005/2/4,137,合法/營業,富翔大飯店,FU HSIANG HOTEL,39388386,39385100,,hotel.fuang@msa.hinet.net,260宜蘭縣宜蘭市校舍路19號,"No.19, Xiaoshe Rd., Yilan City, Yilan County 260, Taiwan (R.O.C.)"
2005/2/4,138,合法/營業,玫瑰園汽車旅館,ROSE GARDEN MOTEL,39289689,39289699,,,260宜蘭縣宜蘭市宜興路三段61號1-2樓,"1-2F., No.61, Sec. 3, Yixing Rd., Yilan City, Yilan County 260, Taiwan (R.O.C.)"
2005/4/19,139,合法/營業,成都溫泉旅館,Cheng Du Hotel,39886617,,,,262宜蘭縣礁溪鄉德陽村忠孝路5號1-4樓,"1F.-4, No.5, Zhongxiao Rd., Jiaoxi Township, Yilan County 262, Taiwan (R.O.C.)"
2005/4/19,140,合法/營業,馥蜂溫泉旅館,FU FONG HOTEL,39876027,39876427,,,262宜蘭縣礁溪鄉忠孝路3號1-4樓,"1-4F., No.3, Zhongxiao Rd., Jiaoxi Township, Yilan County 262, Taiwan (R.O.C.)"
2006/4/20,141,合法/營業,富泉大飯店,Fu Quan Hotel,39881819,39886568,,,262宜蘭縣礁溪鄉礁溪路五段93號1-4樓,"1F.-4, No.93, Sec. 5, Jiaoxi Rd., Jiaoxi Township, Yilan County 262, Taiwan (R.O.C.)"
2005/4/21,143,合法/營業,和風溫泉會館,Hefong Hotel,39888811,39873311,http://www.hefong.com.tw/,hefong@hefong.com.tw,262宜蘭縣礁溪鄉德陽村德陽路30號,"No.30, Deyang Rd., Jiaoxi Township, Yilan County 262, Taiwan (R.O.C.)"
2005/4/19,144,合法/營業,和風溫泉會館-礁溪店,Hefong Resort Hotel,39881133,39880001,http://www.hefong-resort.com/,hefong@hefong-resort.com,262宜蘭縣礁溪鄉礁溪路五段97號,"No.97, Sec. 5, Jiaoxi Rd., Jiaoxi Township, Yilan County 262, Taiwan (R.O.C.)"
2005/5/2,145,合法/營業,和風嘉一溫泉大飯店,Hefong Jaee Hotel,39881212,39883567,http://www.jihotel.com.tw/,ji.hotel@msa.hinet.net,262宜蘭縣礁溪鄉德陽路16號,"No.16, Deyang Rd., Jiaoxi Township, Yilan County 262, Taiwan (R.O.C.)"
2002/5/28,146,合法/營業,凱麗溫泉飯店,Hefong Kelly Hotel,39881516,39881518,http://www.hefong-kelly.com.tw/?_ga=1.70582864.1722882866.1411456556,order@kellyhotel.com.tw,262宜蘭縣礁溪鄉溫泉路38號,"No.38, Wenquan Rd., Jiaoxi Township, Yilan County 262, Taiwan (R.O.C.)"
2005/5/25,147,合法/營業,芝加哥商務汽車旅館,CHICAGO MOTEL,39887000,39887710,,,262宜蘭縣礁溪鄉白雲村礁溪路七段50號,"No.50, Sec. 7, Jiaoxi Rd., Jiaoxi Township, Yilan County 262, Taiwan (R.O.C.)"
2005/7/4,148,合法/營業,溫沙堡花園汽車旅館,ENU SHA GARDEN MOTEL,039873667-8,39873789,http://www.538.com.tw,a0915228287@yahoo.com.tw,262宜蘭縣礁溪鄉大忠村大忠路219號,"No.219, Dazhong Rd., Jiaoxi Township, Yilan County 262, Taiwan (R.O.C.)"
2005/7/14,149,合法/營業,礁溪天使溫泉商旅,Jiaoxi Hot Springs Business Angels,39059758,39887169,,hotspring@angelhotel.com.tw,262宜蘭縣礁溪鄉礁溪路六段12號,"No.12, Sec. 6, Jiaoxi Rd., Jiaoxi Township, Yilan County 262, Taiwan (R.O.C.)"
2005/7/28,150,合法/營業,若輕新人文渡假旅館,RIVERSDE INN,39602255,39508811,http://www.riverside-inn.com.tw,pier159.inn@msa.hinet.net,268宜蘭縣五結鄉季新村新店路113號1-3樓,"1-3F., No.113, Xindian Rd., Wujie Township, Yilan County 268, Taiwan (R.O.C.)"
2005/7/28,151,合法/營業,賓士旅館,Bin Shi Hotel,39882966,,,bnzhotel@yahoo.com.tw,262宜蘭縣礁溪鄉德陽村礁溪路五段21號,"No.21, Sec. 5, Jiaoxi Rd., Jiaoxi Township, Yilan County 262, Taiwan (R.O.C.)"
2005/9/29,152,合法/停業,藝術家溫泉會館,,39881238,39871023,,,262宜蘭縣礁溪鄉德陽路98號,
2005/9/27,153,合法/營業,玉泉旅館,Yu Quan Hotel,39884303,39883653,,hotel@jshotel.com.tw,262宜蘭縣礁溪鄉仁愛路14號,"No.14, Ren’ai Rd., Jiaoxi Township, Yilan County 262, Taiwan (R.O.C.)"
2005/10/4,154,合法/營業,憶金香商務汽車旅館,Yi Jin Xiang Motel,39287775,39289566,http://www.ctnet.com.tw/tulip,,262宜蘭縣礁溪鄉吳沙村礁溪路一段97號,"No.97, Sec. 1, Jiaoxi Rd., Jiaoxi Township, Yilan County 262, Taiwan (R.O.C.)"
2006/1/13,155,合法/營業,夢雲閣旅社,Meng Yun Ge Hotel,39874316,,,,262宜蘭縣礁溪鄉信義路5號,"1F.-2, No.5, Xinyi Rd., Jiaoxi Township, Yilan County 262, Taiwan (R.O.C.)   3F.-6.7, No.7, Sec. 5, Jiaoxi Rd., Jiaoxi Township, Yilan County 262, Taiwan (R.O.C.)"
2005/12/19,156,合法/營業,英格蘭旅館,England Business Motel,39282288,39281628,http://www.england-motel.com.tw,england-motel@hotmail.com,260宜蘭縣宜蘭市茭白里中山路5段127巷6號1-4樓,"1-4F., No.6, Ln. 127, Sec. 5, Zhongshan Rd., Yilan City, Yilan County 260, Taiwan (R.O.C.)"
2006/1/27,157,合法/營業,川湯春天溫泉飯店,Chuang-Tang Spring Spa Hotel,39889889,39889779,http://www.chuang-tang.com.tw/spring/,chuang.tanghal@msa.hinet.net,262宜蘭縣礁溪鄉德陽村德陽路43號1-8樓,"1F.-8, No.43, Deyang Rd., Jiaoxi Township, Yilan County 262, Taiwan (R.O.C.)"
2006/3/29,158,合法/營業,真欣渡假飯店,Zhen Xin Hotel,39600899,39600898,,,"268宜蘭縣五結鄉協和里公園路98巷17,19號","No.17-19, Ln. 98, Sec. 2, Qinhe Rd., Wujie Township, Yilan County 268, Taiwan (R.O.C.)"
2006/4/1,159,合法/營業,春和大飯店,Chun Han Hotel,39881892,,,,262宜蘭縣礁溪鄉仁愛路26號1-4樓,"1F.-4, No.26, Ren’ai Rd., Jiaoxi Township, Yilan County 262, Taiwan (R.O.C.)"
2006/4/20,160,合法/營業,棲蘭山莊(馬告生態公園),CHI LAN HOTEL,39809606,39809657,http://www.lealeahotel.com/makauy/,service_mingchih@lealeahotel.com,267宜蘭縣大同鄉太平村2鄰泰雅路四段6號,"No.6, Sec. 4, Taiya Rd., Datong Township, Yilan County 267, Taiwan (R.O.C.)"
2006/4/21,161,合法/營業,集東旅社,Ji Dong Hotel,39986164,,,,270宜蘭縣蘇澳鎮東澳里1鄰蘇花路3段150號,"No.150, Sec. 3, Suhua Rd., Su’ao Township, Yilan County 270, Taiwan (R.O.C.)"
2006/4/23,163,合法/營業,華王大旅社,H.W. HOTEL,039544155-6,39542352,http://www.hw-hotel.com.tw,hw.039544155@gmail.com,265宜蘭縣羅東鎮公正里3鄰中正北路41號,"No.41, Zhongzheng N. Rd., Luodong Township, Yilan County 265, Taiwan (R.O.C.)"
2006/5/29,164,合法/營業,明池大飯店,MC-HOTEL,39887736,,http://www.mc-hotel.com.tw,services@mc-hotel.com.tw,262宜蘭縣礁溪鄉大忠村五峰路9號,"No.9, Wufeng Rd., Jiaoxi Township, Yilan County 262, Taiwan (R.O.C.)"
2006/6/30,165,合法/營業,西樺商務客棧,Xi Hua Hotel,39530111,39530112,http://www.lt-cityhotel.com.tw/,service@it-ciythotel.com.tw,265宜蘭縣羅東鎮公正路155號4樓,"4F., No.155, Gongzheng Rd., Luodong Township, Yilan County 265, Taiwan (R.O.C.)"
2006/8/16,166,合法/營業,天方夜譚旅館,Tian Fang Ye Tan Hotel,39286039,39288059,,ilan.motel@msa.hinet.net,260宜蘭縣宜蘭市筊白里中山路五段127巷31號1樓,"1F., No.31, Ln. 127, Sec. 5, Zhongshan Rd., Yilan City, Yilan County 260, Taiwan (R.O.C.)"
2006/8/31,167,合法/營業,野景大飯店,NATURAL HOTEL,39889699899,39881053,,,262宜蘭縣礁溪鄉大忠村大忠路142號1-6樓,"1-6F., No.142, Dazhong Rd., Jiaoxi Township, Yilan County 262, Taiwan (R.O.C.)"
2006/8/31,168,合法/營業,礁溪東旅湯宿,Chiaohsi Donglvtangsu,39885889,,,,262宜蘭縣礁溪鄉德陽村信義路32號1-3樓,"1F.-3, No.32, Xinyi Rd., Jiaoxi Township, Yilan County 262, Taiwan (R.O.C.)"
2006/12/19,169,合法/營業,雪山溫泉會館,Hsuehshan  Spring  Hotel,39883899,39887800,,,262宜蘭縣礁溪鄉德陽村中山路二段159號(3至8樓),"3-8F., No.159, Sec. 2, Zhongshan Rd., Jiaoxi Township, Yilan County 262, Taiwan (R.O.C.)"
2006/12/20,170,合法/營業,華園溫泉旅館,Hua Yuan Hot Spring Hotel,39882722,,,,262宜蘭縣礁溪鄉德陽村德陽路75號1至5樓,"1F.-5, No.75, Deyang Rd., Jiaoxi Township, Yilan County 262, Taiwan (R.O.C.)"
2007/3/1,171,合法/營業,冠翔世紀溫泉會館,Guan Xiang Century,39875599,39875800,http://www.hotspring-hotel.com.tw,service@hotspring-hotel.com.tw,262宜蘭縣礁溪鄉德陽村仁愛路66巷6號,"No.6, Ln. 66, Ren’ai Rd., Jiaoxi Township, Yilan County 262, Taiwan (R.O.C.)"
2007/6/14,172,合法/營業,春湯溫泉飯店,Spring Hot Spring Inn,39889468,39889308,http://www.imvr.net/hotel/springhot/,springhotinn@gmail.com,"262宜蘭縣礁溪鄉德陽路26,28號1-3樓","1~3F., No.26,28, Deyang Rd., Jiaoxi Township, Yilan County 262, Taiwan (R.O.C.)"
2007/7/9,173,合法/營業,新貴汽車旅館,MOTEL FABULOUS,39967177,39967178,http://www.motel-fabulous.com.tw,service@motel-fabulous.com.tw,270宜蘭縣蘇澳鎮蘇南里中正路35號,"No.35, Zhongzheng Rd., Su-ao Township, Yilan County 270, Taiwan (R.O.C.)"
2007/10/22,176,合法/營業,立都大飯店,LIDU   HOTEL,39968068,39968069,,lidu-hotel@yahoo.com.tw,270宜蘭縣蘇澳鎮蘇東里蘇東北路2-63、2-65號1-4樓,"1-4F., No.2-63,65, Sudong N. Rd., Su’ao Township, Yilan County 270, Taiwan (R.O.C.)"
2007/11/27,177,合法/營業,愛琴海花園汽車旅館,ai Qin Hai Hua Yuan Motel,39533958,39533936,http://www.lovemotel.com.tw,love.motel@msa.hinet.net,268宜蘭縣五結鄉四結村仁愛路2段1號,"No.1, Sec. 2, Ren’ai Rd., Wujie Township, Yilan County 268, Taiwan (R.O.C.)"
2008/1/8,178,合法/營業,天然旅館,Tian Ran Hotel,39883433,39223887,,,262宜蘭縣礁溪鄉德陽村德陽路71號,"No.71, Deyang Rd., Jiaoxi Township, Yilan County 262, Taiwan (R.O.C.)"
2008/3/8,179,合法/營業,晶樺商務飯店,Jin Hua Hotel,39575110,39575115,http://www.jin-hua.tw,service@jin-hua.tw,265宜蘭縣羅東鎮大新里中正北路42號7-8樓,"7-8F., No.42, Jhongjheng N. Rd., Luodong Township, Yilan County 265, Taiwan (R.O.C.)"
2008/4/9,180,合法/營業,亞諾時尚戀館,Ya Nuo Hotel,39876611,39875511,www.ya-nold.com.tw,service@ya-nold.com.tw,262宜蘭縣礁溪鄉德陽村仁愛路3號,"No.3, Ren’ai Rd., Jiaoxi Township, Yilan County 262, Taiwan (R.O.C.)"
2008/5/26,181,合法/營業,怡蘭精品旅館,Yi Lan Hotel,39658101,39658109,,,268宜蘭縣五結鄉鎮安村二結路305號,"No.305, Erjie Rd., Wujie Township, Yilan County 268, Taiwan (R.O.C.)"
2009/1/10,182,合法/營業,晏京精品旅館,Yan Jing Hotel,39507755,,,,"265宜蘭縣羅東鎮光榮路402,406,408號","No.402.406.408, Guangrong Rd., Luodong Township, Yilan County 265, Taiwan (R.O.C.)"
2009/3/17,183,合法/營業,杜拜時尚戀館,DUBAI   MOTEL,39287700,39288080,http://www.dubaimotel.com.tw,dubai.csc@gmail.com,260宜蘭縣宜蘭市新生里大福路二段70、70之1、70之2號,"No.70,70-1,70-2, Sec. 2, Dafu Rd., Yilan City, Yilan County 260, Taiwan (R.O.C.)"
2009/4/20,184,合法/營業,木棉道美學商旅 (6-7F),KAPOK HOTEL & RESORTS,39564888,39576611,http://www.kapok-hotel.tw,service@kapok-hotel.tw,265宜蘭縣羅東鎮中山里中山路三段306號6-7樓,"6-7F., No.306, Sec. 3, Zhongshan Rd., Luodong Township, Yilan County 265, Taiwan (R.O.C.)"
2009/6/3,186,合法/營業,瓏山林蘇澳冷熱泉度假飯店,RSL COLD & HOT SPRING RESORT SUAO,39966666,39966000,,,270宜蘭縣蘇澳鎮中原路301之1號1至10樓,"1-10F., No.301-1, Zhongyuan Rd., Su’ao Township, Yilan County 270, Taiwan (R.O.C.)"
2009/9/2,187,合法/營業,東森海洋溫泉酒店(一、二館),EHR HOTELS & RESORTS YILAN,39780782,39780776,http://www.ehrhotel.com/default.aspx?trsID=002,,261宜蘭縣頭城鎮濱海路四段32、36號(客房數34間),"No.36, Sec. 4, Binhai Rd., Toucheng Township, Yilan County 261, Taiwan (R.O.C.)"
2009/12/5,188,合法/營業,心曠神怡溫泉渡假飯店,Living Water Hotel,39883988,39875999,http://www.lwh.com.tw,livingwaterhotel@gmail.com,262宜蘭縣礁溪鄉德陽村仁愛路29號1樓、4樓至11樓,"1.4F.-11, No.29, Ren’ai Rd., Jiaoxi Township, Yilan County 262, Taiwan (R.O.C.)"
2010/9/24,189,合法/營業,湯泉之家溫泉渡假行館,Tang Quan Zhi Jia Hot Spring Hotel,39888228,39567123,http://tungchung.goinn.tw,tc@3a.ods.org,262宜蘭縣礁溪鄉信義路34巷16號,"No.16, Ln. 34, Xinyi Rd., Jiaoxi Township, Yilan County 262, Taiwan (R.O.C.)"
2010/11/29,190,合法/營業,自然風會館,Most natural Hotel,39876161,39876262,,039876161jc@gmail.com,262宜蘭縣礁溪鄉忠孝路97巷26號及28號,"No.26,28, Ln. 97, Zhongxiao Rd., Jiaoxi Township, Yilan County 262, Taiwan (R.O.C.)"
2010/12/6,191,合法/營業,湯仔城旅館,Tang Zai Cheng Hotel,39880538,,,,262宜蘭縣礁溪鄉德陽村7鄰仁愛路15巷16號,"No.16, Ln. 15, Ren’ai Rd., Jiaoxi Township, Yilan County 262, Taiwan (R.O.C.)"
2011/1/20,192,合法/營業,城市商旅-礁溪楓葉館,Jiaoxi Maple Leaves Hot Spring Hotel,39888565,39888622,http://www.citysuites.com.tw,jiaoxi.reservation@citysuites.com.tw,262宜蘭縣礁溪鄉德陽村礁溪路五段118號1-6樓,"No.118, Sec. 5, Jiaoxi Rd., Jiaoxi Township, Yilan County 262, Taiwan (R.O.C.)"
2011/1/31,193,合法/營業,金玉旅館,JIN YUH HOTEL,39322357,,,,260宜蘭縣宜蘭市新興里和睦路28-2號3樓,"No.28-2, Hemu Rd., Yilan City, Yilan County 260, Taiwan (R.O.C.)"
2011/5/25,194,合法/營業,木棉道美學商旅(2-5F),KAPOK HOTEL & RESORTS,39564888,39576611,http://www.kapok-hotel.tw,service@kapok-hotel.tw,265宜蘭縣羅東鎮中山路三段306號2-5樓,"2-5F., No.306, Sec. 3, Zhongshan Rd., Luodong Township, Yilan County 265, Taiwan (R.O.C.)"
2011/12/13,195,合法/營業,東森海洋溫泉酒店(三館),EHR HOTELS & RESORTS YILAN,0223701888 02-27557565,223896629,http://www.ehrhotel.com/default.aspx?trsID=002,doruthy@leogroup.com.tw,261宜蘭縣頭城鎮濱海路四段30號,"No.30, Sec. 4, Binhai Rd., Toucheng Township, Yilan County 261, Taiwan (R.O.C.)"
2012/4/2,196,合法/營業,全美旅社,Quan Mei Hotel,39323195,39366885,,,260宜蘭縣宜蘭市和睦路28之5號6樓、28之6號7樓,"6F., No.28-5, Hemu Rd., Yilan City, Yilan County 260, Taiwan (R.O.C.)"
2012/4/3,197,合法/營業,綠動湯泉原宿,L? Dong Tang Quan Hotel,39871158,39871157,http://www.lygreenlife.com/,green.lifespa@msa.hinet.net,262宜蘭縣礁溪鄉玉石村12鄰公園路85號,"No.85, Gongyuan Rd., Jiaoxi Township, Yilan County 262, Taiwan (R.O.C.)"
2012/4/5,198,合法/營業,歐遊精品旅館宜蘭分館,"ALL-UR CHAIN BOUTIQUE MOTEL,YI-LAND",39281133,,http://WWW.ALLURMOTEL.COM,service@allurmotel.com,260宜蘭縣宜蘭市新生里宜興路三段185號,"No.185, Sec. 3, Yixing Rd., Yilan City, Yilan County 260, Taiwan (R.O.C.)"
2012/5/21,199,合法/營業,靜界會館,Jing Jie Hotel,39880018,39885728,,a9880018@gmail.com,262宜蘭縣礁溪鄉玉石村公園路70巷39弄16.18.20.22號,"No.16.18.20.22, Aly. 39, Ln. 70, Gongyuan Rd., Jiaoxi Township, Yilan County 262, Taiwan (R.O.C.)"
2012/9/17,202,合法/營業,香格里拉休閒農場,SHANGRILA LEISURE FARMING,39511456,39515222,http://www.shangrilas.com.tw,s515736@ms33.hinet.net,269宜蘭縣冬山鄉大進村梅山路168號,"No.168, Meishan Rd., Dongshan Township, Yilan County 269, Taiwan (R.O.C.)"
2012/10/25,203,合法/營業,冒煙的石頭溫泉渡假旅館,SMOKING ROCK,39885799,39880410,,,262宜蘭縣礁溪鄉德陽村信義路34巷33號,"No.33, Ln. 34, Xinyi Rd., Jiaoxi Township, Yilan County 262, Taiwan (R.O.C.)"
2012/11/3,204,合法/營業,觀海旭日渡假中心,Guan Hai Xu Ri Hotel,39308888,39305677,,,263宜蘭縣壯圍鄉大福村壯濱路六段278號,"No.278, Sec. 6, Zhuangbin Rd., Zhuangwei Township, Yilan County 263, Taiwan (R.O.C.)"
2012/11/30,205,合法/營業,伍拾捌度湯苑溫泉旅店,Fifty Eight Degree Hot Spring Inn,39875899,,,,262宜蘭縣礁溪鄉德陽村礁溪路五段61號2樓,"2F., No.61, Sec. 5, Jiaoxi Rd., Jiaoxi Township, Yilan County 262, Taiwan (R.O.C.)"
2013/1/15,207,合法/營業,慕夏精品旅館,Mucha boutique,39331188,39310426,,,260宜蘭縣宜蘭市大東里新民路62、62-1、62-2、62-3、62-4、62-5、62-6號,"No.62, Xinmin Rd., Yilan City, Yilan County 260, Taiwan (R.O.C.)"
2013/5/2,208,合法/營業,雅閣溫泉行館,yage hot spring,39883525,39872059,,,262宜蘭縣礁溪鄉玉石村忠孝路107號,"No.107, Zhongxiao Rd., Jiaoxi Township, Yilan County 262, Taiwan (R.O.C.)"
2013/7/12,209,合法/營業,天下居汽車旅館,Tian Xia Ju Motel,39289666,,,,260宜蘭縣宜蘭市中山路五段105號,"No.105, Sec. 5, Zhongshan Rd., Yilan City, Yilan County 260, Taiwan (R.O.C.)"
2013/7/18,210,合法/營業,泉鄉雅舍溫泉渡假行館,Onsen Residence,39880939,39880787,http://www.onsen-residence.com.tw/,j880939@gmail.com,262宜蘭縣礁溪鄉德陽村信義路40號1樓及信義路34巷8號3樓之1、之2、之3、之5、之6、之7、之8、之9、之10、之11,"1F., No.40, and 3F.-1-3,-5-11, No.8, Ln. 34.,  Xinyi Rd., Jiaoxi Township, Yilan County 262, Taiwan (R.O.C.)"
2013/7/18,211,合法/營業,泉鄉風華休閒會館,Onsen Villa,39880979,39880787,http://www.onsen.com.tw,j9880979@gmail.com,262宜蘭縣礁溪鄉德陽村德陽路95號,"No.95, Deyang Rd., Jiaoxi Township, Yilan County 262, Taiwan (R.O.C.)"
2013/7/21,212,合法/營業,百事亨通‧幸福‧星空精品旅店,Happiness Skyline Hotel,39552877,39552977,http://www.seasonskyline.com.tw,seasonskyline@hotmail.com.tw,265宜蘭縣公正路27號9-12樓之1-5,"9-12F.-1-5, No.27, Gongjheng Rd., Luodong Township, Yilan County 26550, Taiwan (R.O.C.)"
2013/8/15,213,合法/營業,紅燈籠汽車旅館,REDLANTERNMOTEL,39874767,39870768,,red-lantern-motel@gmail.com,262宜蘭縣礁溪鄉德陽村中山路二段246號,"No.246, Sec. 2, Zhongshan Rd., Jiaoxi Township, Yilan County 262, Taiwan (R.O.C.)"
2013/10/26,214,合法/營業,史塔瑞麗 佧美‧奧之湯 溫泉旅館,ISPAVITA,39870789,39870567,http://www.ispavita.com.tw,i_service@ispavita.com.tw,262宜蘭縣礁溪鄉玉石村健康一街116號2、3、4、5、6、7樓,"No.116, Jiankang 1st St., Jiaoxi Township, Yilan County 262, Taiwan (R.O.C.)"
2014/1/3,215,合法/營業,原湯旅店,Soup inn,039884301-2,39885653,,,262宜蘭縣礁溪鄉德陽村7鄰仁愛路6號1-5樓,"1F.-5, No.6, Ren’ai Rd., Jiaoxi Township, Yilan County 262, Taiwan (R.O.C.)"
2014/5/6,216,合法/營業,綠寶汽車旅館,Emerald Motel,39281711,,,,260宜蘭縣宜蘭市新生里大福路二段108巷1-10號、12號、14號、16號,"No.1-10,12,14,16, Ln. 108, Sec. 2, Dafu Rd., Yilan City, Yilan County 260, Taiwan (R.O.C.)"
2014/9/10,217,合法/營業,豪美日月光大飯店,Luxe Hotel ASE,39889603,39889603,http://,,262宜蘭縣礁溪鄉德陽村礁溪路五段182號,"No.182, Sec. 5, Jiaoxi Rd., Jiaoxi Township, Yilan County 262, Taiwan (R.O.C.)"
2014/9/17,218,合法/營業,9號溫泉旅店,NO.9 HOTEL,39889999,39870678,http://www.no9.com.tw,,262宜蘭縣礁溪鄉溫泉路85號4-6樓,"4-6F., No.85, Wenquan Rd., Jiaoxi Township, Yilan County 262, Taiwan (R.O.C.)"
2014/12/5,219,合法/營業,第五季國際旅店,SEASON5INN,39557222,39557272,http://www.season5inn.com.tw/,innseason5@gmail.com,265宜蘭縣羅東鎮中正北路42號6樓,"6F., No.42, Zhongzheng N. Rd., Luodong Township, Yilan County 265, Taiwan (R.O.C.)"
2015/2/6,220,合法/營業,捷絲旅礁溪館,Just Sleep Jiaoxi,39102000,39102009,http://www.justsleep.com.tw/,rsvn.wellspring@silksplace.com,262宜蘭縣礁溪鄉德陽村德陽路24巷8號.10號,"No.8, Ln. 24, Deyang Rd., Jiaoxi Township, Yilan County 262, Taiwan (R.O.C.)"
2015/3/6,221,合法/營業,夜市橙堡渡假旅館,N.Castle Hotel,981668588,39356675,,,260宜蘭縣宜蘭市大新里1鄰新民路19號,"No.19, Xinmin Rd., Yilan City, Yilan County 260, Taiwan (R.O.C.)"
2015/5/29,222,合法/營業,安禾時尚旅館,ANHO HOTEL,39556678,39556227,,anho9556678@outlook.com,265宜蘭縣羅東鎮大同路22之2號3樓,"3F., No.22-2, Datong Rd., Luodong Township, Yilan County 265, Taiwan (R.O.C.)"
2015/6/22,223,合法/營業,北觀休閒農場,Peikuan Resort Farm,39772168,39776860,http://peikuan-resort.com.tw,pk.farm@msa.hinet.net,261宜蘭縣頭城鎮更新路203-1、203-8號,"No.203-1.203-8, Gengxin Rd., Toucheng Township, Yilan County 261, Taiwan (R.O.C.)"
2015/7/2,224,合法/營業,皓迪精品旅館,Hearty Boutique Hotel,39545106,39552729,,,265宜蘭縣羅東鎮公正路38號,"No.38, Gongzheng Rd., Luodong Township, Yilan County 265, Taiwan (R.O.C.)"
2015/7/8,225,合法/營業,伊士脈泉旅, Suez pulse spring trip,39884016,39884013,,,262宜蘭縣礁溪鄉玉石村忠孝路97巷72號二樓、三樓之一、三樓之二及四樓,"2F,3F.-1,3F-2, 4F,No.72, Ln. 97, Yushi Rd., Jiaoxi Township, Yilan County 262, Taiwan (R.O.C.)"
2016/2/1,226,合法/營業,山那邊溫泉會館,onsen villa,39880979,39880787,http://www.onsen-mountain.com.tw/,j04160315@gmail.com,262宜蘭縣礁溪鄉信義路36號、信義路34巷8號2樓之1、2、3、5、6、7、8,"No.36, Xinyi Rd., Jiaoxi Township, Yilan County 262, Taiwan (R.O.C.)"
2016/2/5,227,合法/營業,多愛溫泉會館,DUOAI,39880900,,,,262宜蘭縣礁溪鄉信義路34巷8號(8、10、12號合併),"No.12, Ln. 34, Xinyi Rd., Jiaoxi Township, Yilan County 262, Taiwan (R.O.C.)"
2016/2/15,228,合法/營業,園仔湯商旅,gardenspring,39888070,39884486,http://www.garden-spring.com.tw,gs039888070@gmail.com,262宜蘭縣礁溪鄉德陽路33號1-4樓,"1-4F., No.33, Deyang Rd., Jiaoxi Township, Yilan County 262, Taiwan (R.O.C.)"
2016/2/5,229,合法/營業,晶泉丰旅,Wellspring Resort by Silks,277355005,39100009,http://www.wellspringsilks.com,rsvn@silksplace.com,262宜蘭縣礁溪鄉溫泉路67號2至10樓,"2-10F., No.67, Wenquan Rd., Jiaoxi Township, Yilan County 262, Taiwan (R.O.C.)"
2016/3/22,230,合法/營業,煙波大飯店蘇澳館,Lakeshore Hotel Suao Branch,39966600,39966622,http://www.lakeshore.com.tw,lynne@lakeshore.com.tw,270宜蘭縣蘇澳鎮中正路38號2-12樓," No.38, Zhongzheng Rd., Su’ao Township, Yilan County 270, Taiwan (R.O.C.)"
2016/4/28,231,合法/營業,詠集旅館, Wing set Hostel,39873669,,,,262宜蘭縣礁溪鄉公園路72號,"No.72, Gongyuan Rd., Jiaoxi Township, Yilan County 262, Taiwan (R.O.C.)"
2016/4/26,232,合法/營業,頭城印象溫泉休閒飯店,Toucheng impression Spa Resort Hotel,39777599,39777299,www.ojoresorthotel.com,ojo.resorthotel@gmail.com,261宜蘭縣頭城鎮環鎮東路二段357號2樓、3樓,"2-3F., No.357, Sec. 2, Huanzhen E. Rd., Toucheng Township, Yilan County 261, Taiwan (R.O.C.)"
2016/5/18,233,合法/營業,和睦二十六旅店,26inn,39323156,39323157,26inn.com.tw,hotel26.inn@msa.hinet.net,260宜蘭縣宜蘭市和睦路26號,"No.26, Hemu Rd., Yilan City, Yilan County 260, Taiwan (R.O.C.)"
2016/7/14,234,合法/營業,樂亞香草藝術旅店,Herb Art Hotel,39551910,,www.herbart.com.tw,herbart.hotel@gmail.com,265宜蘭縣羅東鎮公正里林森路68號3樓,"3F., No.68, Gongzheng Rd., Luodong Township, Yilan County 265, Taiwan (R.O.C.)"
2016/8/11,235,合法/營業,羅東幸福商旅,Lotung Happiness Business,910668399,,,qaz062@hotmail.com,265宜蘭縣羅東鎮中山路三段62號、66號,"No.62& No.66, Sec. 3, Zhongshan Rd., Luodong Township, Yilan County 265, Taiwan (R.O.C.)"
2016/9/1,236,合法/營業,礁溪廿一號溫泉旅店,Number twenty Jiaoxi Hot Springs Inn,39881131,,,shieh9599@gmail.com,262宜蘭縣礁溪鄉信義路34巷21號1樓,"1F., No.21, Ln. 34, Xinyi Rd., Jiaoxi Township, Yilan County 262, Taiwan (R.O.C.)"
2016/10/6,237,合法/營業,非杋精品汽車旅館,extraordinary boutique motel,39283222,,,yew3762@ms22.hiinet.net,260宜蘭縣宜蘭市宜興路三段181號,"No.181, Sec. 3, Yixing Rd., Yilan City, Yilan County 260, Taiwan (R.O.C.)"
